Number of weeks,Description,All retailing,All retailing except automotive fuel,Predominantly food stores,Non-specialised stores (i.e supermarkets),Specialist food stores (i.e butchers and bakers),"Alcoholic drink, beverages & tobacco",Predominantly non-food stores,Non-specialised stores (i.e department stores),Other non-food stores,Dispensing chemists,Medical goods,Cosmetics and toilet articles,Computers & telecoms equipment,"Carpets, rugs, wall & coverings","Books, newspapers & stationery","Sports equipment, games and toys",Watches and jewellery,"Flowers, plants, seeds, fertilisers, pet animals and pet food",Other retail sales of new goods in specialised stores,Second-hand goods,"Textile, clothing & footwear stores",Textiles,Clothing,Footwear and leather goods,Household goods stores,"Furniture, lighting and household articles n.e.c",Electrical household aplliances,"Hardware, paints and glass",Music and video recordings & equiptment,Non-store retailing,Mail order,Fuel
,AGG/SIC,AGG21,AGG21X,AGG1,47.11,AGG26,AGG27,AGG12,47.19,AGG13,47.73,47.74,47.75,AGG32,47.53,AGG35,AGG33,47.77,47.76,47.78,47.79,AGG5,47.51,47.71,47.72,AGG7,47.59,47.54,47.52,AGG31,AGG14,47.91,47.3
4.0,2007JAN,22545522,20254483,9003770,8149885.0,504862,349023,10311928,1805357.0,3104568,85717.0,36878.0,187562.0,469395,201818.0,383350,406332,251033.0,258878.0,693189.0,130416.0,2775438,72394.0,2427935.0,275109.0,2626565,843355.0,718881.0,877596.0,186733,938785,738284.0,2291039.0
4.0,2007FEB,22906700,20613281,9096293,8234293.0,519740,342260,10560061,1807661.0,3142817,88204.0,35929.0,186111.0,473516,203208.0,382720,423357,258267.0,265576.0,694987.0,130942.0,2925720,88105.0,2548070.0,289545.0,2683863,885444.0,740979.0,868122.0,189318,956927,757762.0,2293419.0
5.0,2007MAR,28956336,25986679,11426763,10326332.0,659241,441190,13379509,2297882.0,3995204,109457.0,47022.0,236558.0,593665,255990.0,479211,543845,342802.0,343284.0,901484.0,141886.0,3689316,108077.0,3211817.0,369422.0,3397107,1155179.0,935707.0,1067639.0,238582,1180407,945496.0,2969657.0
4.0,2007APR,23394689,20877598,9163905,8294560.0,513185,356160,10756162,1838787.0,3220551,87231.0,33020.0,191898.0,424360,187744.0,363073,446861,292420.0,299111.0,774641.0,120192.0,3067135,81932.0,2658172.0,327031.0,2629689,871845.0,687107.0,889571.0,181166,957531,776929.0,2517091.0
4.0,2007MAY,23172056,20774401,9154822,8286333.0,521579,346910,10654840,1822311.0,3230994,85955.0,27962.0,192557.0,497454,201006.0,378168,433480,281861.0,282382.0,729552.0,120617.0,2926298,80521.0,2548233.0,297544.0,2675237,919378.0,707071.0,864868.0,183920,964739,793552.0,2397655.0
5.0,2007JUN,29134886,26107966,11404382,10325092.0,661722,417568,13479523,2350107.0,4060334,108358.0,47802.0,231670.0,593390,269726.0,475131,537166,360226.0,360048.0,921991.0,154826.0,3661561,99753.0,3186094.0,375714.0,3407521,1158650.0,927578.0,1078183.0,243110,1224061,1002860.0,3026920.0
4.0,2007JUL,23253861,20857035,9147141,8284615.0,535301,327225,10733114,1908566.0,3203976,83066.0,44292.0,186663.0,458073,211039.0,374959,422593,284257.0,287225.0,734362.0,117447.0,2914493,68778.0,2541239.0,304476.0,2706079,922191.0,728280.0,853982.0,201626,976780,814207.0,2396826.0
4.0,2007AUG,23292313,20885715,9251577,8402127.0,521039,328411,10670135,1879215.0,3192937,86421.0,37992.0,192728.0,455291,203898.0,366068,421492,288410.0,289800.0,719414.0,131423.0,2946779,64928.0,2566825.0,315026.0,2651204,880087.0,700544.0,881763.0,188810,964003,813401.0,2406598.0
5.0,2007SEP,29279715,26241578,11645971,10581339.0,657448,407184,13386911,2366374.0,4018537,139415.0,44320.0,244393.0,568771,269142.0,464190,521058,359546.0,367659.0,892528.0,147515.0,3711967,78748.0,3256875.0,376344.0,3290033,1084848.0,889744.0,1078980.0,236461,1208696,1012046.0,3038137.0
4.0,2007OCT,23541725,21009408,9336710,8489131.0,526555,321024,10687388,1918629.0,3217486,90748.0,31427.0,194135.0,440992,204217.0,363257,421854,294469.0,309409.0,730314.0,136664.0,2905699,70812.0,2543149.0,291738.0,2645574,857679.0,721527.0,875912.0,190456,985310,817820.0,2532317.0
4.0,2007NOV,23816358,21162118,9377797,8522598.0,526636,328563,10741920,1913257.0,3266594,90160.0,35257.0,198557.0,446395,221684.0,363955,434577,299368.0,320485.0,723187.0,132969.0,2896856,79703.0,2524737.0,292416.0,2665213,881720.0,708718.0,892000.0,182775,1042401,875770.0,2654240.0
5.0,2007DEC,29898472,26368878,11832718,10741049.0,654750,436919,13305910,2343993.0,4027672,114684.0,42153.0,253254.0,549634,274708.0,451563,556968,362679.0,402665.0,870056.0,149308.0,3651299,91586.0,3197247.0,362466.0,3282946,1096146.0,887191.0,1089392.0,210217,1230250,1019140.0,3529594.0
5.0,2008JAN,29989096,26564759,11926261,10854493.0,622901,448867,13374218,2316885.0,4125663,147694.0,44045.0,240509.0,556482,256038.0,442555,547033,376806.0,406579.0,948943.0,158979.0,3586198,80146.0,3133416.0,372636.0,3345472,1096833.0,891567.0,1130349.0,226723,1264280,1049147.0,3424337.0
4.0,2008FEB,24383230,21601204,9585211,8692498.0,541514,351199,10990837,1865325.0,3428272,119656.0,39383.0,185163.0,471965,208245.0,363239,482920,315216.0,349019.0,773110.0,120356.0,3018710,61077.0,2642546.0,315087.0,2678530,914911.0,673581.0,917472.0,172566,1025156,831328.0,2782026.0
5.0,2008MAR,30185876,26720179,11959023,10871516.0,660798,426709,13477903,2256282.0,4251323,143360.0,51025.0,239334.0,561422,284360.0,441632,572459,397446.0,427935.0,937477.0,194873.0,3620865,79600.0,3172073.0,369192.0,3349433,1158303.0,885589.0,1079040.0,226501,1283253,1042516.0,3465697.0
4.0,2008APR,24018600,21266082,9582711,8684439.0,546000,352272,10668398,1818542.0,3375232,112961.0,27543.0,191576.0,450532,216603.0,345433,446713,324727.0,350126.0,773665.0,135353.0,2822370,65183.0,2461549.0,295638.0,2652254,908074.0,696184.0,868438.0,179558,1014973,820075.0,2752518.0
4.0,2008MAY,24896942,22105969,9873060,8957683.0,551491,363886,11202863,1828739.0,3478200,110980.0,34828.0,204806.0,459951,186811.0,349990,471772,344377.0,370423.0,806221.0,138041.0,3177743,56152.0,2793518.0,328073.0,2718181,914416.0,686458.0,932431.0,184876,1030046,829420.0,2790973.0
5.0,2008JUN,30394445,26902481,12169614,11031949.0,701071,436594,13445528,2259440.0,4267398,129478.0,39208.0,243648.0,545179,231188.0,449906,587286,427177.0,449680.0,1004501.0,160147.0,3611818,77008.0,3154942.0,379868.0,3306872,1142128.0,835158.0,1109527.0,220059,1287339,1049953.0,3491964.0
4.0,2008JUL,24420926,21504048,9809515,8894419.0,558349,356747,10695540,1793597.0,3393034,101473.0,29833.0,196626.0,433808,188651.0,357598,463540,349709.0,364233.0,779206.0,128357.0,2921635,61584.0,2554645.0,305406.0,2587274,860177.0,650370.0,894875.0,181852,998993,837567.0,2916878.0
4.0,2008AUG,24404739,21607984,9813707,8889214.0,578181,346312,10777253,1808750.0,3394706,104405.0,33590.0,194736.0,437421,198635.0,362495,474807,276896.0,370825.0,818870.0,122026.0,2983820,62930.0,2603311.0,317579.0,2589977,868065.0,672066.0,868181.0,181665,1017024,838385.0,2796755.0
5.0,2008SEP,30483961,27031563,12353168,11198725.0,722959,431484,13378683,2247933.0,4217209,121060.0,39622.0,236891.0,544654,216920.0,456124,607143,344320.0,462986.0,1026418.0,161071.0,3726281,82968.0,3247584.0,395729.0,3187260,1062273.0,805268.0,1095041.0,224678,1299712,1061153.0,3452398.0
4.0,2008OCT,24071143,21474467,9974135,9048136.0,582969,343030,10466968,1778880.0,3288659,95901.0,35843.0,191943.0,425913,166028.0,358888,484187,276570.0,352209.0,781771.0,119406.0,2922009,60522.0,2561215.0,300272.0,2477420,829283.0,593318.0,880826.0,173993,1033364,832631.0,2596676.0
4.0,2008NOV,23969835,21493156,10011892,9102216.0,571768,337908,10419636,1793440.0,3203221,89864.0,30528.0,193835.0,408309,166942.0,351008,485168,261423.0,339513.0,750594.0,126037.0,2943478,51774.0,2583975.0,307729.0,2479497,801962.0,616444.0,889613.0,171478,1061628,831560.0,2476679.0
5.0,2008DEC,29666426,26772467,12299104,11193016.0,722385,383703,13137906,2294960.0,4049553,113373.0,43515.0,241723.0,505340,186680.0,442797,627849,362903.0,403172.0,964254.0,157947.0,3656414,58729.0,3207919.0,389766.0,3136979,1001673.0,842073.0,1072878.0,220355,1335457,1060288.0,2893959.0
4.0,2009JAN,23965861,21560650,10034335,9144646.0,580377,309312,10497399,1784508.0,3255472,90171.0,31868.0,185421.0,395422,163863.0,395473,536366,319970.0,254659.0,750116.0,132143.0,2988420,78078.0,2596519.0,313823.0,2468999,807057.0,619682.0,857165.0,185095,1028916,853298.0,2405211.0
4.0,2009FEB,23759794,21386778,10187026,9267687.0,584016,335323,10226382,1750987.0,3134389,86713.0,30751.0,189655.0,375279,161190.0,386188,493708,297919.0,235902.0,753499.0,123585.0,2933743,73052.0,2537624.0,323067.0,2407263,751207.0,637840.0,843511.0,174705,973370,818278.0,2373016.0
5.0,2009MAR,29895176,26987760,12772260,11647747.0,728423,396090,12912964,2261867.0,3963564,107954.0,37123.0,226756.0,484611,245366.0,489584,612050,370301.0,289179.0,941143.0,159497.0,3701376,68849.0,3231061.0,401466.0,2986157,940010.0,759375.0,1082669.0,204103,1302536,1087310.0,2907416.0
4.0,2009APR,24124076,21768327,10226184,9314186.0,598456,313542,10479685,1838432.0,3255350,90590.0,36666.0,181985.0,393236,198034.0,396279,489386,303930.0,236101.0,799033.0,130110.0,2972458,58210.0,2579896.0,334352.0,2413445,781624.0,625172.0,855851.0,150798,1062458,869020.0,2355749.0
4.0,2009MAY,24135844,21731856,10268754,9367646.0,591416,309692,10397168,1843348.0,3197111,86412.0,32628.0,180131.0,370176,205853.0,388583,472970,309464.0,223797.0,797835.0,129262.0,2931524,65398.0,2542936.0,323190.0,2425185,792489.0,624420.0,854627.0,153649,1065934,875063.0,2403988.0
5.0,2009JUN,30611078,27505356,13019088,11903696.0,718386,397006,13148780,2299919.0,4069517,112219.0,41933.0,233624.0,473892,239420.0,467108,645700,375644.0,287364.0,1009719.0,182894.0,3757788,75387.0,3289953.0,392448.0,3021556,994096.0,767328.0,1060349.0,199783,1337488,1084739.0,3105722.0
4.0,2009JUL,24472743,22011367,10302791,9396566.0,599424,306801,10596405,1850743.0,3292971,97066.0,33471.0,182237.0,443614,205741.0,368919,526691,297076.0,220219.0,773948.0,143989.0,2984399,61344.0,2615962.0,307093.0,2468292,836972.0,655346.0,829089.0,146885,1112171,890275.0,2461376.0
4.0,2009AUG,24600760,22078472,10340292,9440649.0,588070,311573,10590152,1859295.0,3269500,91287.0,33651.0,183326.0,389519,209971.0,368840,531836,338254.0,217330.0,738187.0,167299.0,2953987,59781.0,2585326.0,308880.0,2507370,849971.0,653794.0,855329.0,148276,1148028,896314.0,2522288.0
5.0,2009SEP,30756662,27550075,12867980,11766163.0,718620,383197,13211048,2335108.0,4079707,114942.0,45399.0,230836.0,485385,250630.0,455996,666271,393437.0,273276.0,960892.0,202643.0,3677727,74379.0,3230166.0,373182.0,3118506,1055951.0,813518.0,1067398.0,181639,1471047,1137795.0,3206587.0
4.0,2009OCT,24757654,22146784,10275169,9426118.0,553051,296000,10716686,1906968.0,3268321,89806.0,35848.0,185801.0,385580,216784.0,381364,519596,308479.0,236961.0,765177.0,142925.0,3002137,60573.0,2627543.0,314021.0,2539260,851804.0,665292.0,873786.0,148378,1154929,934773.0,2610870.0
4.0,2009NOV,24741600,22159730,10281305,9428314.0,560689,292302,10690450,1888422.0,3320364,92356.0,36427.0,172044.0,426322,184336.0,374736,524605,327329.0,233624.0,811943.0,136642.0,2953596,55445.0,2593000.0,305151.0,2528068,861342.0,659786.0,857004.0,149936,1187975,940381.0,2581870.0
5.0,2009DEC,30909948,27770679,12919075,11872323.0,688621,358131,13377045,2367958.0,4097172,103029.0,40714.0,230907.0,483197,247369.0,458245,563339,465944.0,276020.0,1014196.0,214212.0,3683571,60644.0,3245494.0,377433.0,3228344,1047895.0,829980.0,1157982.0,192487,1474559,1177044.0,3139269.0
4.0,2010JAN,24069598,21649249,10344277,9515796.0,518614,309867,10185155,1912762.0,3042584,83576.0,25537.0,194153.0,299732,175573.0,353527,450138,298627.0,239948.0,790093.0,131680.0,3042306,60569.0,2666473.0,315264.0,2187503,711895.0,540214.0,798110.0,137284,1119817,904576.0,2420349.0
4.0,2010FEB,24754376,22227329,10270136,9447288.0,543051,279797,10805216,1951144.0,3276275,83854.0,29075.0,208864.0,356161,177364.0,358480,457615,374831.0,262201.0,812204.0,155626.0,3121080,59832.0,2734339.0,326909.0,2456717,815820.0,639127.0,848192.0,153578,1151977,951807.0,2527047.0
5.0,2010MAR,31002911,27784064,12835000,11786713.0,702680,345607,13479601,2451515.0,4042038,101746.0,37007.0,252341.0,454988,213393.0,437139,598376,435486.0,308851.0,1019348.0,183363.0,3903461,73879.0,3412787.0,416795.0,3082587,994882.0,803123.0,1096934.0,187648,1469463,1197490.0,3218847.0
4.0,2010APR,25055996,22414349,10449195,9617719.0,569705,261771,10767466,1963573.0,3218081,83605.0,30454.0,200932.0,338684,163304.0,348493,505577,328240.0,243852.0,823470.0,151470.0,3166508,60981.0,2781264.0,324263.0,2419304,786752.0,602339.0,875356.0,154857,1197688,969350.0,2641647.0
4.0,2010MAY,25078743,22446788,10474918,9651030.0,564357,259531,10791609,1989406.0,3236022,82331.0,31369.0,203015.0,361857,166913.0,344938,473153,339441.0,230435.0,856097.0,146473.0,3116597,60718.0,2726866.0,329013.0,2449584,794108.0,653650.0,850264.0,151562,1180261,957071.0,2631955.0
5.0,2010JUN,31420580,28210760,13230065,12203302.0,716902,309861,13506555,2516378.0,4076892,100289.0,40871.0,252677.0,467197,205926.0,426729,609276,446479.0,317782.0,1026131.0,183535.0,3880727,75251.0,3385890.0,419586.0,3032558,950145.0,853538.0,1043894.0,184981,1474140,1210211.0,3209820.0
4.0,2010JUL,25228826,22620941,10413167,9602916.0,571335,238916,10969989,1975871.0,3432981,85258.0,33072.0,205468.0,379848,154062.0,344088,500155,370255.0,280977.0,923776.0,156022.0,3132964,62692.0,2729082.0,341190.0,2428173,765047.0,664286.0,850758.0,148082,1237785,1000775.0,2607885.0
4.0,2010AUG,25238264,22682470,10384007,9590801.0,564322,228884,11017901,2002492.0,3457284,84373.0,29386.0,210514.0,417742,155932.0,350816,509693,372537.0,286236.0,894204.0,145851.0,3130806,64358.0,2728766.0,337682.0,2427319,782685.0,644997.0,854384.0,145253,1280562,1052919.0,2555794.0
5.0,2010SEP,31347848,28188216,13009277,12036747.0,714821,257709,13600341,2500248.0,4194719,99959.0,36026.0,261089.0,453196,190099.0,427642,673316,465521.0,349003.0,1052826.0,186042.0,3936505,78357.0,3424467.0,433681.0,2968869,964301.0,795787.0,1044653.0,164128,1578598,1308490.0,3159632.0
4.0,2010OCT,25320976,22694949,10477743,9662680.0,613526,201537,10943598,1992097.0,3418291,84019.0,27697.0,214159.0,339086,147268.0,339979,552862,399355.0,273659.0,846279.0,193928.0,3188991,62627.0,2780322.0,346042.0,2344219,782027.0,634755.0,785664.0,141773,1273608,1066465.0,2626027.0
4.0,2010NOV,25535781,22783271,10625832,9797772.0,602139,225921,10901456,1966975.0,3443969,87725.0,31140.0,214163.0,367835,155707.0,345239,563733,381395.0,265216.0,880967.0,150849.0,3180833,66312.0,2762373.0,352148.0,2309679,786935.0,613214.0,764402.0,145128,1255983,1043468.0,2752510.0
5.0,2010DEC,31408199,28165932,13068998,12188023.0,644731,236244,13448813,2517464.0,4182374,111693.0,34893.0,273772.0,484216,178732.0,435711,669662,456591.0,337345.0,1008111.0,191648.0,3817902,75641.0,3317924.0,424337.0,2931073,985482.0,781448.0,980216.0,183927,1648121,1382213.0,3242267.0
4.0,2011JAN,26004452,22998048,10613499,9780361.0,586378,246760,11054191,2116083.0,3402012,94483.0,31045.0,228251.0,385088,155948.0,365484,541239,369338.0,264155.0,814541.0,152440.0,3194244,55726.0,2805198.0,333320.0,2341852,807275.0,616903.0,784336.0,133338,1330358,1094391.0,3006404.0
4.0,2011FEB,25967680,22937921,10588769,9756517.0,578912,253340,11008963,2041508.0,3430154,91452.0,32846.0,214990.0,423651,126882.0,365576,530579,369242.0,272069.0,840339.0,162528.0,3203575,53298.0,2820356.0,329921.0,2333726,842421.0,569520.0,789421.0,132364,1340189,1100086.0,3029759.0
5.0,2011MAR,32458855,28695775,13442029,12416550.0,709928,315551,13604247,2558991.0,4169983,118653.0,41781.0,272989.0,478020,155042.0,452737,654299,436166.0,356835.0,1006310.0,197151.0,3952822,65243.0,3479718.0,407861.0,2922451,992472.0,729513.0,1038078.0,162388,1649499,1357495.0,3763080.0
4.0,2011APR,26422982,23311234,10957486,10136708.0,565004,255774,11022859,2022601.0,3336389,90114.0,31762.0,220208.0,322400,120373.0,337283,543308,376272.0,334657.0,790047.0,169965.0,3342655,50737.0,2948100.0,343818.0,2321214,745488.0,547407.0,903546.0,124773,1330889,1100556.0,3111748.0
4.0,2011MAY,26002709,22944237,10704318,9893947.0,573018,237353,10870069,2016909.0,3325060,89774.0,33448.0,214221.0,374207,113778.0,354275,549502,377130.0,279558.0,770353.0,168814.0,3218505,50899.0,2837311.0,330295.0,2309595,774797.0,574256.0,840129.0,120413,1369850,1138577.0,3058472.0
5.0,2011JUN,32589267,28775105,13470542,12425850.0,722997,321695,13535521,2536255.0,4092895,110187.0,42834.0,265189.0,462389,151708.0,443716,666982,485056.0,340863.0,896608.0,227363.0,4004074,64191.0,3514054.0,425829.0,2902297,997606.0,705125.0,1043312.0,156254,1769042,1472334.0,3814162.0
4.0,2011JUL,26249740,23196851,10883184,10044434.0,586952,251798,10918171,2054670.0,3294867,83356.0,32905.0,218380.0,336227,121614.0,359152,542291,386979.0,273541.0,760043.0,180379.0,3238626,51082.0,2836895.0,350649.0,2330008,804935.0,554099.0,847686.0,123288,1395496,1185471.0,3052889.0
4.0,2011AUG,26239649,23207337,10950584,10114609.0,584604,251371,10826837,2048024.0,3296313,82126.0,34230.0,213248.0,347904,118079.0,340712,539550,390120.0,274111.0,780759.0,175474.0,3174752,48056.0,2804682.0,322014.0,2307748,807252.0,573787.0,806159.0,120550,1429916,1218461.0,3032312.0
5.0,2011SEP,33007462,29180807,13765922,12702078.0,733914,329930,13618551,2579091.0,4151035,105304.0,43344.0,273967.0,417031,155865.0,428903,661127,485005.0,346840.0,1001511.0,232138.0,3980265,71048.0,3488924.0,420293.0,2908160,1041587.0,739497.0,972191.0,154885,1796334,1527120.0,3826655.0
4.0,2011OCT,26674859,23566294,11054087,10203614.0,572413,278060,11074533,2052817.0,3415691,87743.0,33595.0,206224.0,345749,125907.0,328466,542508,462571.0,286649.0,834735.0,161544.0,3235075,48957.0,2848328.0,337790.0,2370950,815861.0,612434.0,818780.0,123875,1437674,1209713.0,3108565.0
4.0,2011NOV,26629548,23372503,11016070,10172073.0,578192,265805,10858334,2009174.0,3329469,85786.0,33866.0,220707.0,365015,112193.0,347110,556039,385260.0,288261.0,746073.0,189159.0,3235926,50671.0,2831230.0,354025.0,2283765,811369.0,538230.0,809103.0,125063,1498099,1290513.0,3257045.0
5.0,2011DEC,33541018,29470394,13853041,12780377.0,747185,325479,13788521,2597139.0,4147077,100989.0,46712.0,265347.0,436635,167243.0,438327,697127,481632.0,380956.0,914165.0,217944.0,4171734,64531.0,3663089.0,444114.0,2872571,1001496.0,691902.0,1022742.0,156431,1828832,1553778.0,4070624.0
4.0,2012JAN,26876689,23596571,11046766,10197544.0,589793,259429,11084809,2092557.0,3410532,87679.0,38177.0,212902.0,349592,162606.0,349069,568659,389196.0,309209.0,750191.0,193252.0,3289351,53902.0,2887515.0,347934.0,2292369,783660.0,613258.0,785315.0,110136,1464996,1250166.0,3280118.0
4.0,2012FEB,26767582,23562987,11153529,10312964.0,591708,248857,10948979,2087700.0,3317212,90088.0,35599.0,214884.0,328408,153823.0,344830,564054,381591.0,297066.0,727637.0,179232.0,3257402,53932.0,2860906.0,342564.0,2286665,790487.0,589235.0,785499.0,121444,1460479,1247493.0,3204595.0
5.0,2012MAR,34134125,29924349,13910214,12879625.0,736790,293799,14146231,2760155.0,4263706,110907.0,46398.0,270923.0,407595,197016.0,437835,702668,475223.0,407117.0,967399.0,240625.0,4183136,66384.0,3654483.0,462269.0,2939234,1034667.0,741261.0,1008399.0,154907,1867904,1594737.0,4209776.0
4.0,2012APR,26662540,23616404,11068036,10258857.0,583599,225580,11054378,2184324.0,3291653,81159.0,38894.0,216176.0,337106,164565.0,353774,571983,360439.0,295217.0,699413.0,172927.0,3207131,50959.0,2816874.0,339298.0,2371270,869585.0,601566.0,771583.0,128536,1493990,1295027.0,3046136.0
4.0,2012MAY,26800504,23763151,11149203,10325325.0,586681,237197,11082344,2211985.0,3265316,91152.0,34371.0,223660.0,324169,167989.0,353165,552990,373747.0,272400.0,695652.0,176021.0,3241105,51256.0,2841717.0,348132.0,2363938,856612.0,598692.0,784966.0,123668,1531604,1301729.0,3037353.0
5.0,2012JUN,33410624,29817680,13964582,12947733.0,738685,278164,13983727,2752562.0,4224402,109011.0,44878.0,286441.0,406916,199629.0,437638,763662,468377.0,379442.0,919081.0,209327.0,4046473,66844.0,3547687.0,431942.0,2960290,1135217.0,725301.0,958191.0,141581,1869371,1625152.0,3592944.0
4.0,2012JUL,26802608,23866770,11106471,10276204.0,595984,234283,11198475,2198682.0,3395518,80940.0,36424.0,226139.0,347602,159155.0,362726,606628,380352.0,290332.0,724742.0,180478.0,3263101,52850.0,2861200.0,349051.0,2341174,861311.0,599044.0,760141.0,120678,1561824,1363138.0,2935838.0
4.0,2012AUG,26918657,23914202,11286670,10458092.0,589164,239414,11155501,2168479.0,3440893,86123.0,37121.0,227615.0,327054,157116.0,316711,626000,365083.0,297383.0,833345.0,167342.0,3269901,56167.0,2867531.0,346203.0,2276228,833779.0,550786.0,775672.0,115991,1472031,1262923.0,3004455.0
5.0,2012SEP,34001519,30082452,14137973,13116859.0,750097,271017,14000734,2755088.0,4231509,86448.0,44716.0,283878.0,421411,199156.0,415706,772743,491305.0,381789.0,927765.0,206592.0,4179396,71130.0,3658227.0,450039.0,2834741,1038998.0,668673.0,983920.0,143150,1943745,1684060.0,3919067.0
4.0,2012OCT,27125039,24053890,11250144,10454566.0,615528,180050,11215939,2181245.0,3416872,82810.0,37918.0,227085.0,317997,165030.0,334221,627114,382136.0,292934.0,771093.0,178534.0,3341629,56928.0,2920825.0,363876.0,2276193,856422.0,538768.0,767218.0,113785,1587807,1361835.0,3071149.0
4.0,2012NOV,27002380,24021574,11303229,10497938.0,606319,198972,11118309,2178621.0,3438532,81966.0,37604.0,224739.0,313998,158334.0,323666,595734,374481.0,315135.0,850712.0,162163.0,3201704,48749.0,2818173.0,334782.0,2299452,832372.0,544691.0,810673.0,111716,1600036,1373418.0,2980806.0
5.0,2012DEC,34086369,30299522,14189423,13185819.0,773208,230396,14038077,2752463.0,4287132,102352.0,48118.0,306920.0,397648,206177.0,405153,745053,490825.0,411967.0,962262.0,210657.0,4135523,60320.0,3652477.0,422726.0,2862959,1038851.0,658820.0,1023813.0,141475,2072022,1803003.0,3786847.0
4.0,2013JAN,27219625,24267647,11482408,10627049.0,626802,228557,11081084,2212509.0,3290520,83609.0,36232.0,235993.0,332092,167535.0,334217,614887,399228.0,310290.0,600484.0,175953.0,3354980,56044.0,2946087.0,352849.0,2223075,848150.0,452158.0,815940.0,106827,1704155,1474238.0,2951978.0
4.0,2013FEB,27658387,24575814,11428492,10554602.0,650404,223486,11409855,2262958.0,3487518,83625.0,35472.0,242762.0,345124,178513.0,352702,640217,415676.0,297264.0,720810.0,175353.0,3381802,55428.0,2958989.0,367385.0,2277577,849265.0,484488.0,840624.0,103200,1737467,1510418.0,3082573.0
5.0,2013MAR,33992295,30119771,14236208,13170488.0,790903,274817,13713572,2743031.0,4187916,103096.0,45822.0,307843.0,414695,228268.0,407877,759688,512138.0,328790.0,851680.0,228019.0,4095230,67628.0,3614633.0,412969.0,2687395,1046292.0,583117.0,940310.0,117676,2169991,1883997.0,3872524.0
4.0,2013APR,27021031,24027884,11288377,10463516.0,609155,215706,11024432,2207710.0,3401623,82930.0,30654.0,255930.0,347540,187724.0,318031,570563,447907.0,270074.0,696731.0,193539.0,3213478,56242.0,2830011.0,327225.0,2201621,816941.0,475217.0,825734.0,83729,1715075,1485620.0,2993147.0
4.0,2013MAY,27458823,24508504,11492638,10656201.0,624907,211530,11257010,2225689.0,3383315,81975.0,34535.0,260779.0,345342,185116.0,318269,558422,406901.0,313464.0,692057.0,186455.0,3339971,58155.0,2951252.0,330564.0,2308035,883568.0,467851.0,870881.0,85735,1758856,1516701.0,2950319.0
5.0,2013JUN,34592730,30871335,14389847,13364129.0,772585,253133,14235096,2894854.0,4345107,106410.0,43425.0,339453.0,413479,234617.0,403780,739251,496018.0,408226.0,916158.0,244290.0,4179948,73883.0,3704578.0,401487.0,2815187,1064442.0,585344.0,1061219.0,104182,2246392,1929364.0,3721395.0
4.0,2013JUL,27876989,24849886,11725355,10907527.0,609601,208227,11317259,2245387.0,3477330,91446.0,37528.0,252633.0,333632,190211.0,308778,616949,408055.0,339265.0,727717.0,171116.0,3331242,57573.0,2952352.0,321317.0,2263300,878587.0,457745.0,847949.0,79019,1807272,1549817.0,3027103.0
4.0,2013AUG,27740700,24709745,11608485,10774760.0,631860,201865,11199101,2269194.0,3430580,86948.0,38065.0,255296.0,329281,184213.0,316177,624692,406288.0,337405.0,665068.0,187147.0,3326698,57548.0,2932581.0,336569.0,2172629,781343.0,481284.0,827972.0,82030,1902159,1632217.0,3030955.0
5.0,2013SEP,35081101,31308979,14504675,13462835.0,779469,262371,14532705,2849573.0,4559126,107709.0,51487.0,322592.0,415893,225532.0,394547,793570,573769.0,419967.0,977215.0,276845.0,4337253,65581.0,3827600.0,444072.0,2786753,1051511.0,605323.0,1027857.0,102062,2271599,1963293.0,3772122.0
4.0,2013OCT,27819681,24915686,11609694,10766274.0,627763,215657,11477707,2325697.0,3545814,87626.0,40583.0,260849.0,332545,185012.0,305521,633865,403158.0,337451.0,766032.0,193172.0,3373749,52045.0,2981535.0,340169.0,2232447,852482.0,465304.0,832727.0,81934,1828285,1616818.0,2903995.0
4.0,2013NOV,27877738,25028777,11655604,10790260.0,626899,238445,11493728,2311722.0,3602787,93856.0,40637.0,261432.0,343114,186880.0,301240,657831,438034.0,334303.0,777739.0,167721.0,3374894,47727.0,2987726.0,339441.0,2204325,849638.0,473873.0,801984.0,78830,1879445,1631747.0,2848961.0
5.0,2013DEC,34936097,31285398,14480960,13461363.0,778721,240876,14507539,2908407.0,4462722,112302.0,49827.0,319558.0,415462,231332.0,368382,774481,519177.0,390311.0,1022222.0,259668.0,4271452,63635.0,3768240.0,439577.0,2864958,1127890.0,579553.0,1047127.0,110388,2296899,1967850.0,3650699.0
5.0,2014JAN,35037382,31466574,14627162,13542968.0,808686,275508,14615501,2939085.0,4500023,106660.0,49844.0,321964.0,425762,217878.0,356998,847591,488828.0,415148.0,1031681.0,237669.0,4242900,68827.0,3766032.0,408041.0,2933493,1109173.0,612699.0,1103547.0,108074,2223911,1949565.0,3570808.0
4.0,2014FEB,28145634,25246015,11636179,10785597.0,638934,211648,11614919,2335018.0,3628515,85267.0,44299.0,257365.0,340753,187150.0,284795,686947,400501.0,339200.0,782330.0,219908.0,3342672,62059.0,2930708.0,349905.0,2308714,889435.0,480928.0,852417.0,85934,1994917,1771361.0,2899619.0
5.0,2014MAR,35619985,31799964,14548962,13484069.0,797304,267589,14842590,2977841.0,4602620,112159.0,49430.0,319643.0,437327,216545.0,365995,883251,530798.0,456770.0,1039980.0,190722.0,4381936,75273.0,3850053.0,456610.0,2880193,1103929.0,602735.0,1072624.0,100905,2408412,2161294.0,3820021.0
4.0,2014APR,28398578,25487696,11767941,10876825.0,643634,247482,11724818,2398109.0,3556803,90231.0,46710.0,251664.0,337186,169750.0,302942,692120,409574.0,326976.0,746010.0,183640.0,3466878,64627.0,3065240.0,337011.0,2303028,879199.0,499287.0,844829.0,79713,1994937,1787115.0,2910882.0
4.0,2014MAY,28438783,25541755,11622597,10791048.0,631714,199835,11827335,2398138.0,3640804,94770.0,43568.0,245286.0,347384,167213.0,300363,721191,420490.0,305089.0,784478.0,210972.0,3490564,58970.0,3101925.0,329669.0,2297829,876270.0,484576.0,857722.0,79261,2091823,1876663.0,2897028.0
5.0,2014JUN,35822318,32190785,14631594,13607045.0,775742,248807,15034954,3003343.0,4659237,118568.0,53583.0,316608.0,432992,222876.0,375771,918586,594285.0,368462.0,1011185.0,246321.0,4394772,71637.0,3897660.0,425475.0,2977602,1142783.0,633027.0,1097424.0,104368,2524237,2260673.0,3631533.0
4.0,2014JUL,28593119,25662050,11749728,10926798.0,622053,200877,11885555,2384769.0,3680865,90043.0,45123.0,252505.0,340805,169020.0,300760,732179,410850.0,306974.0,823051.0,209555.0,3497343,60441.0,3096922.0,339980.0,2322578,909891.0,478639.0,850330.0,83718,2026767,1817091.0,2931069.0
4.0,2014AUG,28555418,25636671,11592808,10763665.0,620039,209104,12039848,2433409.0,3672121,85871.0,42870.0,260604.0,348502,175640.0,310218,726467,439953.0,294934.0,780995.0,206067.0,3541384,61185.0,3139935.0,340264.0,2392934,938216.0,490639.0,882094.0,81985,2004015,1810622.0,2918747.0
5.0,2014SEP,35419535,31926168,14544018,13513673.0,766335,264010,14868966,3016671.0,4594570,109035.0,52289.0,334316.0,462034,224511.0,392607,875802,553181.0,381521.0,975424.0,233850.0,4308202,77276.0,3812986.0,417940.0,2949523,1174169.0,614441.0,1059273.0,101640,2513184,2271826.0,3493367.0
4.0,2014OCT,28477322,25715770,11694633,10856766.0,623709,214158,12014647,2440145.0,3693132,82212.0,42838.0,268166.0,372923,175621.0,307046,716782,448228.0,314594.0,785356.0,179366.0,3490690,60902.0,3079684.0,350104.0,2390680,952030.0,503691.0,850575.0,84384,2006490,1824575.0,2761552.0
4.0,2014NOV,28635586,25852582,11789719,10956828.0,615181,217710,12043937,2437573.0,3732580,84526.0,42345.0,271551.0,364835,180667.0,316908,714045,472043.0,316819.0,775200.0,193641.0,3528193,57706.0,3122012.0,348475.0,2345591,950240.0,440594.0,875137.0,79620,2018926,1842533.0,2783004.0
5.0,2014DEC,36246496,32772830,14631942,13566204.0,770803,294935,15493132,3033436.0,4807204,111588.0,52633.0,337326.0,472791,219373.0,401229,882844,572775.0,390125.0,1125832.0,240688.0,4606210,81278.0,4074575.0,450357.0,3046282,1193173.0,648944.0,1106661.0,97504,2647756,2414461.0,3473666.0
4.0,2015JAN,28424416,25644263,11603215,10744975.0,611130,247110,11972869,2444112.0,3619456,82444.0,43555.0,264476.0,374914,143910.0,315399,714047,413560.0,385961.0,707206.0,173984.0,3503345,49469.0,3095041.0,358835.0,2405956,956910.0,491449.0,879896.0,77701,2068179,1909277.0,2780153.0
4.0,2015FEB,28562545,25965338,11592002,10739512.0,618272,234218,12271488,2493895.0,3734016,84069.0,44047.0,258274.0,365175,128918.0,316449,754971,422604.0,354018.0,812928.0,192563.0,3613320,53177.0,3199276.0,360867.0,2430257,967910.0,512821.0,872622.0,76904,2101848,1917883.0,2597207.0
5.0,2015MAR,35816518,32495728,14560502,13508804.0,768786,282912,15264571,3074593.0,4590654,105354.0,55264.0,326276.0,426491,161425.0,402414,941492,570980.0,447742.0,940628.0,212588.0,4498625,72773.0,4007386.0,418466.0,3100699,1267537.0,631791.0,1094172.0,107199,2670655,2455124.0,3320790.0
4.0,2015APR,28830301,26115566,11630606,10760849.0,629445,240312,12311234,2477438.0,3659591,83192.0,43145.0,260722.0,369720,126196.0,306185,764200,443159.0,384464.0,715788.0,162820.0,3686661,59416.0,3266836.0,360409.0,2487544,1023107.0,497349.0,877942.0,89146,2173726,1989667.0,2714735.0
4.0,2015MAY,28822601,26088760,11685050,10808963.0,637113,238974,12256379,2464424.0,3689428,80018.0,46708.0,267243.0,375127,132942.0,318418,735384,428630.0,365008.0,751168.0,188782.0,3607566,62023.0,3185107.0,360436.0,2494961,1040121.0,513164.0,860262.0,81414,2147331,1973415.0,2733841.0
5.0,2015JUN,36203045,32767662,14624560,13526874.0,793973,303713,15365445,3091033.0,4550573,99346.0,58210.0,325522.0,478861,159429.0,400213,901580,518365.0,453339.0,877556.0,278152.0,4625805,74583.0,4091927.0,459295.0,3098034,1301963.0,617053.0,1082755.0,96263,2777657,2548787.0,3435383.0
4.0,2015JUL,28899661,26195837,11625726,10755644.0,629056,241026,12241615,2517871.0,3588180,81048.0,46595.0,262623.0,411537,120656.0,326487,736949,419123.0,340427.0,687642.0,155093.0,3582608,60640.0,3164851.0,357117.0,2552956,1080285.0,514753.0,877637.0,80281,2328496,2145801.0,2703824.0
4.0,2015AUG,28520164,25862129,11474268,10634980.0,600382,238906,12210799,2481344.0,3626829,77900.0,43630.0,263562.0,418873,126043.0,326525,727540,414104.0,349514.0,706577.0,172561.0,3646075,56998.0,3214456.0,374621.0,2456551,982978.0,502063.0,889894.0,81616,2177062,2014070.0,2658035.0
5.0,2015SEP,36334868,32953495,14801179,13703168.0,775671,322340,15355786,3132595.0,4569828,100967.0,67538.0,327623.0,551132,158147.0,399990,922228,505143.0,437164.0,873814.0,226082.0,4516121,75710.0,3983467.0,456944.0,3137242,1287293.0,626344.0,1119638.0,103967,2796530,2578715.0,3381373.0
4.0,2015OCT,28642697,25964911,11580631,10730884.0,610928,238819,12174583,2514111.0,3639343,82002.0,46984.0,262457.0,413615,123712.0,321428,720896,412027.0,342606.0,728283.0,185333.0,3565988,60729.0,3146862.0,358397.0,2455141,997567.0,501633.0,876190.0,79751,2209697,2038600.0,2677786.0
4.0,2015NOV,28824797,26099261,11720158,10810319.0,663162,246677,12159672,2551684.0,3572222,79071.0,58632.0,262977.0,410284,115103.0,311781,721564,399463.0,336665.0,695170.0,181512.0,3575630,66383.0,3146122.0,363125.0,2460136,1007982.0,501592.0,872531.0,78031,2219431,2053188.0,2725536.0
5.0,2015DEC,35998917,32712547,14717123,13565080.0,836362,315681,15170714,3214820.0,4397788,99004.0,59667.0,343070.0,509341,152066.0,369541,940960,528871.0,432246.0,754691.0,208331.0,4406693,79617.0,3877967.0,449109.0,3151413,1302161.0,682729.0,1066535.0,99988,2824710,2624169.0,3286370.0
4.0,2016JAN,29256372,26471942,11765838,10890800.0,626294,248744,12415090,2636467.0,3721961,84184.0,46137.0,281943.0,405578,125575.0,308211,751589,421851.0,332365.0,769637.0,194891.0,3504471,62012.0,3073666.0,368793.0,2552191,1078271.0,487228.0,903518.0,83174,2291014,2122828.0,2784430.0
4.0,2016FEB,29021419,26434382,11795081,10866259.0,646226,282596,12364358,2607665.0,3724580,86676.0,46433.0,279327.0,433877,128330.0,309528,728508,440570.0,331608.0,746646.0,193077.0,3474193,59275.0,3061478.0,353440.0,2557920,1074789.0,478656.0,919028.0,85447,2274943,2095589.0,2587037.0
5.0,2016MAR,36173137,32784709,14693193,13529225.0,814277,349691,15173221,3199210.0,4659509,106628.0,56200.0,348602.0,551077,149052.0,371539,920338,537879.0,412411.0,973147.0,232636.0,4217929,76223.0,3674011.0,467695.0,3096573,1336845.0,611960.0,1043687.0,104081,2918295,2699266.0,3388428.0
4.0,2016APR,29111549,26426410,11697174,10790208.0,630477,276489,12428638,2620409.0,3930734,86674.0,47277.0,286544.0,446699,124328.0,297576,764793,450608.0,359944.0,875768.0,190523.0,3459341,57420.0,3023196.0,378725.0,2418154,1060667.0,415371.0,857704.0,84412,2300598,2109708.0,2685139.0
4.0,2016MAY,29508136,26759570,11794086,10897259.0,617553,279274,12484484,2670587.0,3804494,86965.0,45164.0,286673.0,449699,108110.0,304923,747314,447539.0,372868.0,794002.0,161237.0,3487197,57917.0,3049044.0,380236.0,2522206,1059197.0,487278.0,896792.0,78939,2481000,2288437.0,2748566.0
5.0,2016JUN,36649200,33169347,14712407,13553223.0,798523,360661,15379432,3155605.0,4845546,102287.0,61233.0,355718.0,562952,126769.0,362753,986271,596708.0,451554.0,995605.0,243696.0,4278595,81146.0,3752994.0,444455.0,3099686,1256772.0,645117.0,1105467.0,92330,3077508,2829635.0,3479853.0
4.0,2016JUL,29870616,27018834,11808625,10884613.0,638695,285317,12698010,2620551.0,3898646,84420.0,46412.0,302252.0,426196,119550.0,292993,785384,456442.0,356504.0,861241.0,167252.0,3628540,63460.0,3163025.0,402055.0,2550273,1013191.0,496117.0,969757.0,71208,2512199,2329198.0,2851782.0
4.0,2016AUG,29747478,26901204,11906489,10988241.0,637151,281097,12420551,2631930.0,3851673,88724.0,49307.0,305974.0,417842,113909.0,284704,734921,460143.0,369119.0,824476.0,202554.0,3505352,65016.0,3064648.0,375688.0,2431596,1036004.0,473804.0,849611.0,72177,2574164,2394501.0,2846274.0
5.0,2016SEP,37497620,33905891,14978122,13815476.0,827826,334820,15598024,3335167.0,4887480,118155.0,58908.0,364585.0,547367,142743.0,365244,974349,581053.0,448855.0,1047081.0,239140.0,4337048,76817.0,3798689.0,461542.0,3038329,1278085.0,620054.0,1050173.0,90017,3329745,3097245.0,3591729.0
4.0,2016OCT,30573999,27600443,12014036,11095291.0,648975,269770,12838238,2621075.0,3993610,89990.0,45102.0,300327.0,472380,120411.0,296141,762399,495978.0,363779.0,859751.0,187352.0,3696628,63980.0,3251490.0,381158.0,2526925,1034391.0,493040.0,927189.0,72305,2748169,2566492.0,2973556.0
4.0,2016NOV,30518261,27572257,12020787,11031355.0,718204,271228,12739613,2658691.0,3916648,90268.0,46559.0,297223.0,407634,126162.0,295836,751257,471512.0,370458.0,870674.0,189065.0,3585132,68623.0,3132576.0,383933.0,2579142,1053516.0,488161.0,961582.0,75883,2811857,2613960.0,2946004.0
5.0,2016DEC,37990407,34280844,14882097,13765309.0,775958,340830,15873141,3306232.0,4942973,115056.0,62406.0,370581.0,507415,149935.0,365895,934842,628789.0,445761.0,1131024.0,231269.0,4477108,78643.0,3924170.0,474295.0,3146828,1296683.0,622274.0,1134953.0,92918,3525606,3280081.0,3709563.0
4.0,2017JAN,30371973,27332136,11920285,11048715.0,616242,255328,12605589,2603105.0,3892892,91628.0,52852.0,305458.0,369412,123127.0,290909,724291,528217.0,345509.0,870111.0,191378.0,3603666,63671.0,3173564.0,366431.0,2505926,1019972.0,512914.0,898874.0,74166,2806262,2619217.0,3039837.0
4.0,2017FEB,30706682,27645103,12061945,11174313.0,627960,259672,12771484,2616128.0,3959683,89741.0,50948.0,310713.0,377942,139812.0,286359,726030,546026.0,336337.0,927292.0,168483.0,3656481,65770.0,3219676.0,371035.0,2539192,1026400.0,518395.0,914092.0,80305,2811674,2665017.0,3061579.0
5.0,2017MAR,38168136,34448147,15111390,14063133.0,747345,300912,15833275,3325706.0,4694659,113561.0,69097.0,406803.0,491470,178843.0,323279,785334,671227.0,466096.0,995099.0,193850.0,4663091,86158.0,4085470.0,491463.0,3149819,1325397.0,617561.0,1107270.0,99591,3503482,3269591.0,3719989.0
4.0,2017APR,31136858,28094544,12138067,11280214.0,614341,243512,13040395,2657390.0,4006004,112374.0,42838.0,324364.0,402587,126838.0,283606,771860,536681.0,398322.0,796213.0,210321.0,3704993,69177.0,3239332.0,396484.0,2672008,1109812.0,549080.0,940556.0,72560,2916082,2744969.0,3042314.0
4.0,2017MAY,30712766,27680932,12074296,11222400.0,614084,237812,12748948,2629517.0,3925322,89148.0,53623.0,304291.0,385011,145028.0,281085,767352,520910.0,355270.0,800411.0,223193.0,3711537,65566.0,3256905.0,389066.0,2482572,1051383.0,496820.0,863283.0,71086,2857688,2687604.0,3031834.0
5.0,2017JUN,38559607,34949071,14986833,13989716.0,671020,326097,16243261,3350015.0,5034700,130698.0,55398.0,382831.0,495632,166680.0,381020,914339,654500.0,413251.0,1215217.0,225134.0,4677642,71349.0,4102524.0,503769.0,3180904,1353169.0,660138.0,1078099.0,89498,3718977,3516960.0,3610536.0
4.0,2017JUL,30975805,28068573,12083493,11264042.0,598233,221218,13042023,2687227.0,3980426,95890.0,48132.0,304984.0,419019,145107.0,305218,732365,534420.0,369562.0,793103.0,232626.0,3770278,59679.0,3315281.0,395318.0,2604092,1115032.0,523368.0,891843.0,73849,2943057,2780722.0,2907232.0
4.0,2017AUG,31288537,28331602,12103856,11288764.0,606179,208913,13178003,2712001.0,4198525,103383.0,50716.0,303184.0,395269,149116.0,304122,768543,542221.0,362709.0,1008676.0,210586.0,3782142,53730.0,3345852.0,382560.0,2485335,1026006.0,536511.0,850873.0,71945,3049743,2856842.0,2956935.0
5.0,2017SEP,39269670,35466852,15226008,14187052.0,746094,292862,16194874,3358233.0,4905023,131722.0,63907.0,397173.0,466402,152983.0,375947,931651,677509.0,436074.0,998111.0,273544.0,4766118,78823.0,4167052.0,520243.0,3165500,1346085.0,656636.0,1079058.0,83721,4045970,3835529.0,3802818.0
4.0,2017OCT,31540155,28481186,12297370,11469915.0,591634,235821,13048525,2639301.0,4073262,104726.0,51340.0,316466.0,371156,158581.0,324261,791162,533357.0,352494.0,841420.0,228299.0,3746226,63163.0,3297156.0,385907.0,2589736,1101810.0,527623.0,885056.0,75247,3135291,2961659.0,3058969.0
4.0,2017NOV,31832028,28705485,12347271,11507192.0,605759,234320,13182649,2678966.0,4136770,108648.0,53119.0,326702.0,406312,135666.0,300905,784181,585951.0,356918.0,873871.0,204497.0,3780699,60729.0,3333539.0,386431.0,2586214,1129153.0,540504.0,840923.0,75634,3175565,3003605.0,3126543.0
5.0,2017DEC,39911832,35921271,15468423,14405931.0,777903,284589,16548146,3431005.0,5234815,132666.0,64097.0,413850.0,494081,176024.0,362170,979622,670961.0,464927.0,1209073.0,267344.0,4698176,76642.0,4129495.0,492039.0,3184150,1368526.0,669353.0,1049037.0,97234,3904702,3684445.0,3990561.0
4.0,2018JAN,31865829,28669325,12275535,11421828.0,621988,231719,13267530,2735881.0,4179853,105617.0,54105.0,332341.0,407345,147622.0,297978,761521,553313.0,394785.0,913461.0,211765.0,3724853,61510.0,3288664.0,374679.0,2626943,1164683.0,536204.0,847040.0,79016,3126260,2933729.0,3196504.0
4.0,2018FEB,32030117,28793636,12417578,11569835.0,614741,233002,13185107,2721823.0,4077070,102646.0,56070.0,340032.0,383913,138321.0,296494,807772,538696.0,377756.0,839113.0,196257.0,3727188,61571.0,3284063.0,381554.0,2659026,1151193.0,527471.0,906157.0,74205,3190951,3014525.0,3236481.0
5.0,2018MAR,39365234,35565687,15357431,14242889.0,815667,298875,16324519,3392927.0,5016736,126903.0,69490.0,432856.0,478047,179877.0,377789,923353,649647.0,436335.0,1058182.0,284257.0,4579810,79340.0,4036249.0,464221.0,3335046,1355685.0,671329.0,1200917.0,107115,3883737,3632942.0,3799547.0
4.0,2018APR,31975412,28836625,12434850,11530828.0,670294,233728,13204404,2698667.0,4115960,105967.0,56216.0,347686.0,361554,137417.0,321878,756299,544377.0,355825.0,911510.0,217231.0,3694878,65085.0,3268993.0,360800.0,2694899,1107579.0,534907.0,973324.0,79089,3197371,3024039.0,3138787.0
4.0,2018MAY,32636515,29386463,12650939,11722493.0,685894,242552,13383795,2763504.0,4106210,104499.0,54788.0,358905.0,366979,148526.0,314583,782342,569164.0,374278.0,828750.0,203396.0,3797733,62886.0,3359884.0,374963.0,2716348,1121884.0,525625.0,1003631.0,65208,3351729,3174415.0,3250052.0
5.0,2018JUN,40734714,36525928,15816789,14734070.0,802942,279777,16541317,3456271.0,5032338,121723.0,83400.0,449739.0,452638,193774.0,376361,984593,642272.0,479035.0,991381.0,257422.0,4693008,76016.0,4157246.0,459746.0,3359700,1395172.0,660759.0,1212857.0,90912,4167822,3945120.0,4208786.0
4.0,2018JUL,32842333,29506306,12737043,11782606.0,737099,217338,13353718,2733690.0,4135881,106099.0,59744.0,366691.0,338960,142594.0,309712,712550,626677.0,367386.0,864445.0,241023.0,3832593,63115.0,3380552.0,388926.0,2651554,1095556.0,522426.0,959018.0,74554,3415545,3241424.0,3336027.0
4.0,2018AUG,32997633,29646804,12648887,11722609.0,701849,224429,13540969,2748045.0,4308198,105985.0,61452.0,375279.0,369409,147863.0,313301,784775,620212.0,373475.0,945492.0,210955.0,3742421,65533.0,3310993.0,365895.0,2742305,1148241.0,540998.0,976221.0,76845,3456948,3276353.0,3350829.0
5.0,2018SEP,41168268,36925632,15718445,14597183.0,848671,272591,16874650,3398881.0,5314213,126380.0,73666.0,469605.0,434895,184849.0,388507,1044819,752680.0,501324.0,1083035.0,254453.0,4703715,79818.0,4178415.0,445482.0,3457841,1442501.0,672808.0,1249589.0,92943,4332537,4113723.0,4242636.0
4.0,2018OCT,32826707,29438910,12623896,11723514.0,686030,214352,13351784,2675069.0,4206703,92089.0,71335.0,394957.0,374234,122954.0,304804,801717,600815.0,434768.0,850017.0,159013.0,3747991,63293.0,3330878.0,353820.0,2722021,1101776.0,522952.0,1023189.0,74104,3463230,3271408.0,3387797.0
4.0,2018NOV,33392867,29916209,12682724,11794360.0,686456,201908,13690260,2699549.0,4359643,103795.0,75696.0,391807.0,352438,124262.0,291347,949296,606963.0,379340.0,847220.0,237479.0,3827163,71870.0,3393730.0,361563.0,2803905,1170993.0,559429.0,997510.0,75973,3543225,3362228.0,3476658.0
5.0,2018DEC,41696136,37366565,15954664,14855870.0,845618,253176,17032552,3499352.0,5287211,130516.0,90667.0,470919.0,451737,144718.0,366174,939633,772097.0,504992.0,1118956.0,296802.0,4845949,69377.0,4311398.0,465174.0,3400040,1454291.0,638018.0,1218132.0,89599,4379349,4139899.0,4329571.0
4.0,2019JAN,33376215,29950505,12862605,11949329.0,689330,223946,13520610,2721828.0,4285770,112005.0,68880.0,416006.0,359484,122169.0,275203,855445,574994.0,405301.0,873869.0,222414.0,3858546,61712.0,3411178.0,385656.0,2654466,1096690.0,522374.0,942617.0,92785,3567290,3427535.0,3425710.0
4.0,2019FEB,33535922,30046744,12799118,11897936.0,682740,218442,13583956,2742607.0,4356560,113071.0,68621.0,424344.0,359736,106848.0,247146,826497,584466.0,406026.0,921479.0,298326.0,3843282,64259.0,3384694.0,394329.0,2641507,1160078.0,522578.0,900482.0,58369,3663670,3470089.0,3489178.0
5.0,2019MAR,42207235,37803583,16022572,14812420.0,913601,296551,17126627,3373674.0,5522542,140265.0,83473.0,502834.0,427723,146498.0,381498,1070799,782762.0,475657.0,1109248.0,401785.0,4875239,77420.0,4336064.0,461755.0,3355172,1425282.0,733285.0,1114107.0,82498,4654384,4408042.0,4403652.0
4.0,2019APR,33664496,30122538,12817122,11908836.0,711970,196316,13554793,2699267.0,4338044,116083.0,77435.0,401289.0,439599,122680.0,264429,749538,606706.0,367907.0,994966.0,197412.0,3960594,62275.0,3505978.0,392341.0,2556888,1137981.0,525944.0,821020.0,71943,3750623,3528690.0,3541958.0
4.0,2019MAY,33523798,29954614,12788820,11844630.0,713006,231184,13397953,2673969.0,4315806,116656.0,77399.0,408364.0,387147,114417.0,262378,866026,643312.0,373150.0,840091.0,226866.0,3765809,64144.0,3322014.0,379651.0,2642369,1153277.0,530815.0,873770.0,84507,3767841,3558504.0,3569184.0
5.0,2019JUN,42528005,38028873,16117371,14893741.0,910954,312676,17147565,3366945.0,5563588,124726.0,93463.0,518469.0,436756,146361.0,341478,1125916,786393.0,451105.0,1128568.0,410353.0,4847915,76664.0,4284158.0,487093.0,3369117,1507877.0,641076.0,1113010.0,107154,4763937,4523529.0,4499132.0
4.0,2019JUL,34307940,30729354,12937726,11936478.0,733052,268196,13656711,2719832.0,4457567,109838.0,78741.0,410020.0,395042,117877.0,267344,957554,654272.0,386645.0,873984.0,206250.0,3910490,65100.0,3440331.0,405059.0,2568822,1025170.0,523453.0,931848.0,88351,4134917,3933833.0,3578586.0
4.0,2019AUG,34027037,30493255,12984481,12003694.0,716259,264528,13531525,2680947.0,4408910,106005.0,76081.0,413866.0,351428,107247.0,273368,994001,625387.0,379593.0,863531.0,218403.0,3849733,63390.0,3379592.0,406751.0,2591935,1139133.0,517238.0,868916.0,66648,3977249,3790304.0,3533782.0
5.0,2019SEP,42435193,38105145,16285688,15040844.0,904526,340318,16861907,3284226.0,5441444,126406.0,88844.0,494274.0,488529,133793.0,346451,1170466,775139.0,462943.0,1084486.0,270113.0,4798613,76300.0,4225252.0,497061.0,3337624,1442467.0,732646.0,1068479.0,94032,4957550,4694462.0,4330048.0
4.0,2019OCT,33936493,30410763,13045799,12033867.0,724124,287808,13426967,2658857.0,4341514,105917.0,68351.0,383204.0,356869,125024.0,294599,897098,576460.0,363296.0,872893.0,297803.0,3830937,58775.0,3375388.0,396774.0,2595659,1188184.0,521992.0,817631.0,67852,3937997,3735629.0,3525730.0
4.0,2019NOV,33685200,30227628,12931422,11923445.0,727366,280611,13423609,2674766.0,4331564,106228.0,68834.0,402133.0,296660,123765.0,320868,911696,574401.0,405141.0,871385.0,250453.0,3789670,57086.0,3325382.0,407202.0,2627609,1132247.0,549301.0,880059.0,66002,3872597,3665868.0,3457572.0
5.0,2019DEC,42372937,37865809,16137660,14750318.0,972595,414747,16824526,3324283.0,5407986,135223.0,86861.0,473283.0,392443,159071.0,426715,1126860,714740.0,540610.0,1083591.0,268589.0,4756702,75961.0,4181673.0,499068.0,3335555,1435366.0,709275.0,1109639.0,81275,4903623,4655991.0,4507128.0
5.0,2020JAN,42522735,38170344,16333195,15205321.0,804415,323459,16977946,3330674.0,5495899,135276.0,100206.0,430821.0,381661,141045.0,495768,1140873,741815.0,547813.0,1089745.0,290876.0,4877997,60441.0,4293862.0,523694.0,3273376,1396317.0,681560.0,1112304.0,83195,4859203,4608658.0,4352391.0
4.0,2020FEB,33656953,30229841,13028930,12039007.0,737896,252027,13448856,2653572.0,4289808,113250.0,90316.0,368228.0,318601,127129.0,308017,889093,605845.0,346763.0,802988.0,319578.0,3869224,56584.0,3412989.0,399651.0,2636252,1100013.0,534303.0,929660.0,72276,3752055,3522442.0,3427112.0
5.0,2020MAR,39397732,36047503,17679746,16387691.0,915931,376124,13490607,3365851.0,4063928,195161.0,79919.0,467416.0,339323,115948.0,253082,804941,450799.0,452082.0,684507.0,220750.0,3073830,57075.0,2721135.0,295620.0,2986998,1054286.0,703504.0,1147183.0,82025,4877150,4670107.0,3350229.0
4.0,2020APR,25759921,24562148,13660617,12890269.0,483050,287298,6324530,2040030.0,1806569,138226.0,16128.0,224178.0,134110,37749.0,119297,395628,150921.0,213184.0,302531.0,74617.0,1224502,37224.0,1058623.0,128655.0,1253429,250195.0,399167.0,565855.0,38212,4577001,4473676.0,1197773.0
4.0,2020MAY,28926253,27224369,13852274,13063902.0,532939,255433,7775446,2290528.0,2199774,146926.0,28070.0,248116.0,134483,30805.0,129660,457036,145521.0,381813.0,395986.0,101358.0,1436570,22640.0,1281627.0,132303.0,1848574,415734.0,460111.0,937031.0,35698,5596649,5424298.0,1701884.0
5.0,2020JUN,41112283,38546105,17295426,16310852.0,678974,305600,14055980,3136960.0,4484385,263706.0,52841.0,398319.0,212419,109179.0,250689,937926,504662.0,532226.0,982627.0,239791.0,3142929,76575.0,2803983.0,262371.0,3291706,1243176.0,724982.0,1262946.0,60602,7194699,6969045.0,2566178.0
4.0,2020JUL,34462053,31806124,13413760,12503335.0,667869,242556,12795722,2551803.0,4416066,164154.0,67219.0,374387.0,243603,181328.0,277237,861559,517564.0,423314.0,1054259.0,251442.0,2991633,67566.0,2656313.0,267754.0,2836220,1143977.0,583236.0,1048038.0,60969,5596642,5359947.0,2655929.0
4.0,2020AUG,34690012,31926411,13493026,12594950.0,650715,247361,13069282,2555071.0,4348466,163229.0,82097.0,368447.0,247420,113371.0,297004,896702,548218.0,431012.0,996570.0,204396.0,3251629,65799.0,2848571.0,337259.0,2914116,1166935.0,582221.0,1096795.0,68165,5364103,5125240.0,2763601.0
5.0,2020SEP,43846785,40374029,16987167,15799134.0,884945,303088,16810610,3259406.0,5750385,208957.0,115273.0,475875.0,276277,200500.0,394348,1121605,774033.0,572535.0,1290955.0,320027.0,4114435,89695.0,3583116.0,441624.0,3686384,1478156.0,715651.0,1406123.0,86454,6576252,6284073.0,3472756.0
4.0,2020OCT,35691421,32860071,13507914,12555129.0,711139,241646,13710558,2664677.0,4711972,182505.0,91870.0,375147.0,217305,163613.0,313038,1252102,572264.0,451356.0,910956.0,181816.0,3326372,75773.0,2903424.0,347175.0,3007537,1206379.0,596752.0,1112265.0,92141,5641599,5383146.0,2831350.0
4.0,2020NOV,33949849,31569277,13809324,12851171.0,705305,252848,12211971,2618037.0,4046078,156545.0,90983.0,348935.0,246937,38325.0,195891,982989,428809.0,448044.0,894434.0,214186.0,2570150,56171.0,2260642.0,253337.0,2977706,1078973.0,570571.0,1257448.0,70714,5547982,5351227.0,2380572.0
5.0,2020DEC,42973219,39962233,16639053,15482466.0,844072,312515,16401874,3206642.0,5452029,182711.0,98854.0,433209.0,348519,99107.0,301889,1437954,641886.0,533161.0,1054645.0,320094.0,4072622,86547.0,3573178.0,412897.0,3670581,1478003.0,675323.0,1435469.0,81786,6921306,6627791.0,3010986.0
4.0,2021JAN,31536167,29221074,13674354,12798007.0,586056,290291,9924657,2211324.0,3326142,149008.0,81282.0,251584.0,168712,58640.0,157607,729739,412870.0,401839.0,726884.0,187977.0,2007082,81511.0,1733813.0,191758.0,2380109,848047.0,473136.0,1007154.0,51772,5622063,5351602.0,2315093.0
4.0,2021FEB,32268699,29838871,13939236,12972662.0,635760,330814,10394828,2588851.0,3160405,144924.0,83574.0,297376.0,150965,52805.0,123050,715137,392712.0,460132.0,665400.0,74330.0,1895273,49876.0,1645168.0,200229.0,2750299,885418.0,598759.0,1147761.0,118361,5504807,5294601.0,2429828.0
5.0,2021MAR,42080218,38645516,17581144,16315618.0,851493,414033,14255339,3376878.0,4552032,189399.0,124300.0,371870.0,181516,125183.0,146610,970131,450928.0,746985.0,946944.0,298166.0,2720373,59364.0,2399414.0,261595.0,3606056,1127170.0,662037.0,1747339.0,69510,6809033,6496321.0,3434702.0
4.0,2021APR,36681654,33605728,14049486,13035125.0,673349,341012,14092425,2807953.0,4493691,151422.0,93931.0,371708.0,152808,176676.0,237573,1160384,630522.0,489988.0,826014.0,202665.0,3639955,62876.0,3240227.0,336852.0,3150826,1212610.0,673763.0,1193009.0,71444,5463817,5210582.0,3075926.0
4.0,2021MAY,36354873,33063683,13330057,12327053.0,682465,320539,14426337,2649224.0,4889004,156377.0,105292.0,382904.0,324905,190264.0,274572,1178803,741667.0,446687.0,869622.0,217911.0,3550461,64597.0,3134991.0,350873.0,3337648,1441441.0,678256.0,1144441.0,73510,5307289,5044613.0,3291190.0
5.0,2021JUN,46180902,41977547,17454724,16132633.0,891232,430859,17943961,3280981.0,6291084,202259.0,133867.0,482225.0,415040,214615.0,312735,1430093,822496.0,594605.0,1098548.0,584601.0,4438154,85677.0,3931944.0,420533.0,3933742,1622098.0,794454.0,1428295.0,88895,6578862,6231752.0,4203355.0
4.0,2021JUL,36170764,32646826,13679787,12607970.0,700790,371027,13805793,2596441.0,4717601,154115.0,103542.0,363573.0,300189,163770.0,255249,1117430,639332.0,473422.0,854083.0,292896.0,3506398,54818.0,3123403.0,328177.0,2985353,1211191.0,598251.0,1105396.0,70515,5161246,4908806.0,3523938.0
4.0,2021AUG,36106994,32541185,13545050,12468409.0,724720,351921,13888568,2549332.0,4811938,154282.0,103505.0,384621.0,293593,173335.0,264767,1091418,654416.0,489844.0,930414.0,271743.0,3585952,62320.0,3182752.0,340880.0,2941346,1188945.0,597384.0,1088390.0,66627,5107567,4857804.0,3565809.0
5.0,2021SEP,45164182,40556969,16947455,15576923.0,937277,433255,17230608,3282899.0,5955353,199393.0,125557.0,491821.0,388883,218983.0,313757,1405883,839284.0,607434.0,1072585.0,291773.0,4534956,77617.0,4030664.0,426675.0,3457400,1347867.0,727387.0,1309203.0,72943,6378906,6098062.0,4607213.0
4.0,2021OCT,36761685,33196510,13710432,12567284.0,786053,357095,14393426,2635748.0,5084389,158550.0,96418.0,403107.0,285484,194749.0,241181,1149872,702782.0,518717.0,831617.0,501912.0,3834435,61551.0,3382293.0,390591.0,2838854,1128288.0,610853.0,1028932.0,70781,5092652,4855557.0,3565175.0
4.0,2021NOV,37355460,33432017,13786529,12589280.0,804365,392884,14486928,2582833.0,5091857,125035.0,96921.0,402203.0,299286,200965.0,245409,1154522,714190.0,519916.0,998557.0,334853.0,3936161,76916.0,3461538.0,397707.0,2876077,1144800.0,601528.0,1063984.0,65765,5158560,4925876.0,3923443.0
5.0,2021DEC,45278419,40654222,17227195,15694125.0,992294,540776,16819319,3051814.0,5674958,151469.0,110231.0,503317.0,367494,215807.0,284917,1258325,853732.0,606110.0,1028992.0,294564.0,4624041,91909.0,4048105.0,484027.0,3468506,1311759.0,644909.0,1388722.0,123116,6607708,6333772.0,4624197.0
4.0,2022JAN,36846080,33054249,13466119,12321383.0,829727,315009,14085212,2553351.0,5061332,121294.0,90996.0,441821.0,313679,261673.0,222885,979688,695727.0,635833.0,977197.0,320539.0,3491587,72252.0,3081153.0,338182.0,2978942,1267704.0,581115.0,1062651.0,67472,5502918,5282626.0,3791831.0
4.0,2022FEB,37105858,33137013,13631066,12536491.0,816113,278462,14220157,2663030.0,4727650,116706.0,104733.0,402779.0,311357,227940.0,228851,1104398,671536.0,537854.0,818293.0,203203.0,3891087,69162.0,3424805.0,397120.0,2938390,1197761.0,606097.0,1068840.0,65692,5285790,5123131.0,3968845.0
